{
  "project_info": {
    "project_number": "1037588107611",
    "project_id": "myapp-d1519",
    "storage_bucket": "myapp-d1519.appspot.com"
  },
  "client": [
    {
      "client_info": {
        "mobilesdk_app_id": "1:1037588107611:android:fc2e8c2f1d1288ce918a7e",
        "android_client_info": {
          "package_name": "com.example.myapplication"
        }
      },
      "oauth_client": [
        {
          "client_id": "1037588107611-ctt6175gv4pdtv2k9a82g1poapebvekc.apps.googleusercontent.com",
          "client_type": 3
        }
      ],
      "api_key": [
        {
          "current_key": "AIzaSyARYHkFOOurvXjzvnSZmysAm9-Ive6d_kI"
        }
      ],
      "services": {
        "appinvite_service": {
          "other_platform_oauth_client": [
            {
              "client_id": "1037588107611-ctt6175gv4pdtv2k9a82g1poapebvekc.apps.googleusercontent.com",
              "client_type": 3
            }
          ]
        }
      }
    }
  ],
  "configuration_version": "1"
}